{
    "backtest": {
        "total_return": 5.5464589743642135e-05,
        "annualized_return": 0.00012479532692319481,
        "annualized_volatility": 4.1032450733228433e-05,
        "sharpe_ratio": 3.0413812651491097,
        "max_drawdown": 0.0,
        "win_rate": 0.03571428571428571,
        "avg_win": 1.3866147435910534e-05,
        "avg_loss": 0,
        "total_trades": 51,
        "avg_position_size": 0.007921238230688712,
        "max_position_size": 0.4911167703027002
    },
    "training": {
        "random_forest": {
            "accuracy": 0.88,
            "precision": 0.8529411764705882,
            "recall": 0.9666666666666667,
            "f1_score": 0.90625,
            "feature_importance": {
                "sma_5": 0.011843384334096803,
                "ema_5": 0.017073121049702388,
                "momentum_5": 0.015776119315436325,
                "volatility_5": 0.032086617685529714,
                "volume_momentum_5": 0.06376394111460545,
                "sma_10": 0.0221294689439251,
                "ema_10": 0.032405422491798376,
                "momentum_10": 0.03662896188761632,
                "volatility_10": 0.035056928529196424,
                "volume_momentum_10": 0.03395969065732051,
                "sma_20": 0.02066836093607985,
                "ema_20": 0.021742346569356665,
                "momentum_20": 0.03608797986145938,
                "volatility_20": 0.03317262226314052,
                "volume_momentum_20": 0.023239859631842323,
                "sma_50": 0.031914917531281846,
                "ema_50": 0.05236659000458485,
                "momentum_50": 0.08237430758092568,
                "volatility_50": 0.03162705956036561,
                "volume_momentum_50": 0.02391651684644659,
                "rsi": 0.014003172840462435,
                "macd": 0.0295131496138059,
                "macd_signal": 0.06905110423132516,
                "macd_hist": 0.037698579369903146,
                "bb_upper": 0.0359463650537589,
                "bb_middle": 0.033239849970512866,
                "bb_lower": 0.06650443131208388,
                "atr": 0.05620913081343703
            }
        },
        "xgboost": {
            "accuracy": 0.88,
            "precision": 1.0,
            "recall": 0.8,
            "f1_score": 0.8888888888888888,
            "val_validation_error": 0.12
        },
        "neural_network": {
            "accuracy": 0.625,
            "precision": 0.0,
            "recall": 0.0,
            "f1_score": 0.0,
            "val_accuracy": 0.30000001192092896,
            "val_loss": 0.747532069683075,
            "val_best_epoch": 8
        },
        "epoch": 13
    },
    "step": 15
}
