step	accuracy
2	0.42500001192092896
3	0.4000000059604645
4	0.4749999940395355
5	0.5
6	0.6000000238418579
7	0.550000011920929
8	0.625
9	0.6000000238418579
10	0.675000011920929
11	0.699999988079071
12	0.625
13	0.625
14	0.699999988079071
15	0.6000000238418579
