step	accuracy
2	0.42500001192092896
3	0.5249999761581421
4	0.4000000059604645
5	0.574999988079071
6	0.5
7	0.699999988079071
8	0.6499999761581421
9	0.6499999761581421
10	0.675000011920929
11	0.6000000238418579
12	0.675000011920929
13	0.6000000238418579
14	0.699999988079071
15	0.625
